3.1329770483849013,3.20466270792038
-1.9639596764042577,5.018458411864477
2.6094117875021965,4.0370912600638444
-0.4350427075845006,5.7491058657527
-2.22952571584809,4.890795249342851
2.984626639354331,3.348406021319629
2.1925551162589763,4.7516447448836985
-2.7861505938122035,4.26595474582634
-0.8931604024597312,5.578269800539294
0.8170233522854494,5.627539902152529
-0.9556214061640085,5.541368988494396
-2.8123083037710703,2.0678680343078777
-0.07946072428524616,-0.05178190423319817
0.056435189290082365,5.981141832818803
0.6092816297637639,5.773967483403469
-0.9812560217017853,5.644934063051139
-0.15229209767931162,6.077052653698273
-1.1412694464712525,5.628478606138666
-1.1342972804891758,5.488301659194898
-2.4576193891930154,4.252864255572666
2.9484020276523015,4.018875256999266
-0.6696203968251723,5.844846176147831
-0.4607386088452118,5.921472668358323
-2.377584651092861,4.627340741979977
2.6078629212634947,3.9278757332391727
-2.6671743647467365,1.5515973023982743
1.892338809890408,5.082007063052801
0.9009558651804622,5.85698220819372
0.2927100087226013,6.084143313521354
-0.0036092386520869377,5.856295993303444
2.3074189604801605,5.023432024214119
1.3823812815651926,5.599776249044879
-2.3096035038355978,0.6928446687270071
0.45298864480752155,6.000806095804574
-0.9976481547751783,5.892604197885081
0.40102576818285957,5.764432205374394
-1.8885712180841778,0.38595020153535664
2.5205499427627838,4.585382734405469
1.4746855633208227,5.5743107132729754
0.37571814125240277,6.0737968949330945
2.5707388302779535,4.505119045708744
-2.9259382649890737,2.665903889635678
-2.6258397035032686,1.0964737835079665
0.6347488593102916,5.764952048222597
3.06103623919108,2.692334866129106
-2.1510686333168128,4.854111264482506
2.075656650734433,4.805799453490045
-1.9069577505622042,5.0529582128511406
-1.5116600795393869,0.4016557243754719
-2.705123969036156,4.4715729940319955
3.0936843489148584,3.090081741228309
-2.818900721427506,4.349961077402072
-2.473631078655307,1.1572501790807705
0.5333336875287876,5.804138750208795
1.4247581082467706,5.645150596094652
-1.7911155359234585,0.45837514221643305
-1.9842321901196376,5.403044647055128
-1.9825473381864653,5.224495323272485
-1.5146380805676367,5.271072418819937
-1.8589745237508866,5.309204605552129
2.249896823841521,4.992339281182807
-2.477501978630206,4.3302668138381355
0.7810366735481042,5.689332100079626
-3.0487771548733127,2.2388795617672255
-2.702143535693956,4.09578806891028
-1.7021785444933828,5.125189511122016
0.6482939195457681,5.9440004569412555
-2.079078188258463,4.784482696669033
-2.927003106461184,3.0679973585558113
-2.335048976743611,0.8728749462605707
-1.6845245504979556,0.33106261685242444
-1.867373502639089,5.416260173317094
1.2319122360502925,0.01407238270470934
-0.5219580563050293,5.970567511334192
-0.470919655810362,5.993360296878627
2.6733618264509063,4.157569504385263
2.2470089407323797,5.004624962924774
-0.2413556236971323,6.0553052123754965
-2.4276823297280004,1.1697513627913703
-1.8447211725170387,5.245398337283444
0.14185707264054306,6.061333637865437
-1.8273619140191257,5.279240419797827
-0.903592694266828,5.690108229491726
-3.0969915559928505,2.5972698221137462
1.1091576674136996,5.570176211866653
2.8920090273566514,2.859299654619346
-0.835437106696682,5.974963380514008
3.157951741960731,2.977106837724228
-2.9909981840730047,3.3442857937303643
-2.9282290344235373,2.5847140916376765
0.5250519330837554,5.947374001445686
-2.983988923880864,2.5577233153410326
-0.5532637756861416,5.6946984492351
-0.15746173671394148,6.079858210853661
-1.4140310786953156,5.434271456465572
2.3133557971068908,5.1090344039802815
1.4883972540840658,5.6901289536519
2.9113308592460054,3.1939438165544773
-2.883368218893653,2.1910607493803442
-2.9779040750510077,3.450101775390819
2.622065025089319,4.338682002341474
-0.9217468561601274,5.697567634109358
2.9876931628561234,3.4069437959779263
-2.6623665545089144,1.9331889944968732
-2.4309593308938378,4.906107570570967
-3.0564673485216716,2.705524570327979
-2.5601466198069636,1.5424364225011646
2.8848039057962556,3.33314273007126
-3.159069214723654,2.7440594123467563
2.332929063695455,4.662995301395124
-2.801306717517603,1.8229616587970512
-2.821247520047531,1.5984085662214604
-3.129930066698138,3.1521078843734616
2.788806683065091,3.2824885133554584
2.5217792678581765,4.820618660604801
2.997390330050088,3.448713009064635
2.889584067806708,3.8573090519287687
-2.9175800360833453,2.1155950960438883
2.6421467591634147,4.227734971866521
0.45467767985161056,5.76325415803644
0.24797671910404206,5.8588024662142395
-2.986729543743157,3.9704773123550288
3.0108540214813897,3.1934256199008586
-2.9584704543010423,3.2856756912624014
1.1871168659420472,5.7436442536982515
-2.7036713817340585,4.053174845010071
2.371849256405777,1.0418726226015353
2.6578836818564366,4.457457244275018
-2.7338884128209537,1.7788997748205277
0.6625588628183318,5.9025542596282925
-0.8820069700982774,5.661781113653529
-0.7986692783685304,5.9196310408869035
3.090097982508102,2.4254261174831475
-2.144584664798588,4.824882548817797
2.6968128798891993,3.884338135065176
2.140087339696433,0.6143668764994428
-2.8210121566270288,1.9713430158132685
1.9470699991627118,4.963327409497598
2.7752284226976034,3.456676249232065
-1.7248005434420712,5.404030604462161
1.5958994868211018,5.364679709325051
-2.293940808114522,4.7218037045363905
2.6977426175534243,3.7413913889749324
-2.83421232030582,4.335839550615155
-2.9825730134193957,3.013817356920964
-3.065868923836976,2.4637114673534786
2.5493190667337573,4.814268305302237
-1.387274081334451,0.24162262254249045
-1.223266118680324,5.640985966668621
1.132729162282721,5.651591942894382
-2.580490830869932,4.675808828601386
-2.0638781733427267,4.952308741859041
1.4574999109309617,5.451423061480881
-0.23615401107559916,5.861436050636643
-2.2115613789329442,4.714788804520358
1.8400658010456457,5.282368143738653
3.1257095902551706,3.1218334915671284
2.882233743783065,3.3851192820806775
-1.1827420486370146,0.1127373667993874
3.1042999835392333,2.963497372331298
-1.6342257529085016,5.471938888164567
-3.0494391801255945,2.648807864323486
-0.6715211282359207,5.737663631306328
-0.7352046635487024,5.977602781868184
-1.8398189630498671,5.146343672713947
1.3253806381174613,5.530974487159892
0.46434645074367126,5.752648157569076
-1.4535336300219266,5.396997910691392
-2.2711435070446004,5.0291908265896375
1.0054836712871753,0.13648628686608077
1.81544001573095,5.387291269630074
-0.4912368738134367,5.968428139511872
-0.41213839532642127,0.11962876435473868
2.7982000589805023,3.580987861561755
1.1230528676718041,5.663038332422548
-2.1153603726281687,4.930870350733832
-3.1626761064932447,3.207609137490506
-1.667484360890952,5.572736299387182
-2.0228754375330373,5.322455737098503
-3.028695436913912,3.7052048724339643
-2.0217224610486455,4.891364116310733
-2.836457553609136,3.2359516529977395
-3.151135721596626,3.04592351342353
0.938610700832711,5.753085555590275
1.2399453616712426,5.558085255890878
-2.4660490986462285,4.8803433405710335
-2.410871059406484,4.887650548136902
0.6394934486631825,6.0049985659617935
-1.703431831267576,5.3562738408203945
-2.6755098598597433,4.3761674452264865
-2.967373559673543,2.3909724063128728
-1.3416395114325979,5.455666717655788
-0.1892742643891214,6.0842701568344575
-2.5911441887078506,4.602449641854682
0.8255510082204042,5.82669549462282
-2.850770783728693,3.968067376785002
-2.735211743130199,1.5572799127946129
2.639842489756133,4.703766770025283
-1.7970524149105265,0.3373567717418018
1.2779479491479073,5.550872140463598
-3.089409441480547,2.552740994830904
0.31359521184470773,0.014675749907586244
-2.6616696434445832,4.138326296128729
-2.331999823769301,4.807325761439575
2.826554463745217,1.646456563908262
2.9640886125279295,3.9925410801565224
2.8093992408232684,4.099543569560267
0.31835578577234,5.703633657588242
-0.18955852035139895,5.93655316304909
1.1573685153776452,5.693022295874229
2.2141775343814056,5.111186125604896
3.1399182551240172,2.770884906708364
-2.7635523321199047,3.8068498256054717
-1.6378835997135706,5.604096373829702
-1.9923580083927412,5.118993827955416
2.9404684697738768,2.4852933452996666
-1.1894633514555304,-0.015637280620956595
2.8174198725481805,4.382789592213534
-0.20154410811692994,6.039957851649188
-0.24134297539521823,5.791884224101356
-1.7285889173713942,5.587483385798306
0.5158471728357105,5.688779281815437
0.016298101233365118,5.827340609189692
0.552159879591627,5.803051265278027
-0.5269415321824455,6.014891301072597
-2.9205965380826457,1.6468332967734018
-0.006456572446863553,6.025992517976859
-1.1220755247027019,5.787752694359955
1.753708224991892,5.526019510556326
-2.572498037593355,4.4357901229057415
-1.6863193156668441,5.6175845414783065
1.995045013896764,0.9276817056175017
0.4263410160634888,5.836708113961169
-2.9398736707030997,3.463393523714869
-3.0941722510273215,3.419050065681773
-2.1354605524479924,4.989386276907176
-2.383909918673595,4.694764800258607
-1.2457671350937354,5.502316499885749
-2.719574588425082,2.179247039775574
2.7462437402169178,1.5898673416306737
-1.4413219173108556,0.09862551349848658
-1.1714174032373645,5.707444170433291
1.5769410909369543,0.416791624042089
-0.3314186564091609,6.055305358852187
2.477653596999967,4.57336775422491
-3.0299714208359436,2.5186903924505852
0.41238325492746397,6.046971021011375
0.9705730008317638,5.825861315550428
1.9149854508209025,5.418713011554698
3.074446532625059,2.7234574254756496
0.9879371124089569,5.680626726253351
-0.9341478616951586,5.799752941595489
1.776271816341717,5.229933223274738
-0.2121582040549861,5.905191940363821
-2.4226623805396974,1.4262002576362933
0.7048932307898846,5.668947084236598
-1.5089903897473218,0.4781384334771337
-2.2329620063217126,1.1769783860436949
1.9880723503777267,4.986597780494494
1.8459612854651195,5.015173876386628
1.6573954769718016,5.380698736064547
2.058644762206312,5.196864824729614
-1.2329607327603527,5.520301242774266
2.7152339879311556,4.573656677313467
-0.043338646377106334,0.0665776373257696
2.7759909171853043,2.5073693496713902
2.7766443147005013,3.5976847370469747
-0.5145493545974765,5.685644118461573
1.386644985502985,5.366747910050311
2.116573931507888,0.9712496441900063
1.9115050972433156,5.446419754198478
-1.175408725444308,0.14139978097937078
-2.2307727929030317,0.9080276200183715
-1.2503195050578475,5.672990862675469
-2.9416331269842666,3.6302618569206544
-1.9176343557429492,5.456409883001969
-1.917645207075207,0.5432018528753928
2.3047572262759255,4.909344856899866
0.6265293825752027,5.828276344861509
2.3167579920059502,4.709609854606467
-1.8899225486943083,0.35407912823448395
-0.23624135463281878,6.045036774352454
2.6938425186638715,4.488286028148181
2.8310294738117845,3.561326362558347
2.6248356026704394,3.9850159898012913
-0.3537597036935008,5.711467479031427
-1.739427172408,5.175896595969459
3.0358533347540124,3.3738842904004644
-2.725127566436728,3.887646236593075
1.7877746345466459,5.539485241528139
-2.281267487048216,4.552733935110265
2.767292208968066,4.346807922877496
-2.772717878505023,3.9985387309288747
1.8620876374823976,0.48783338784874486
2.9239579314785895,2.1804140801182035
0.7880085827939367,5.800859838645787
-0.5688751252804928,5.880857719469765
1.3453852306374667,5.43300773899507
-2.2946553831676626,4.531624105770195
-0.7390428988539129,5.871015000601028
-2.9424368018293863,3.409915328429415
-2.681814971034041,1.4926565089955823
-0.29077823377139755,5.965777362150771
-0.8430113521716773,5.6299638807285275
-3.0978782591715386,2.2254651754689307
-2.4696467953976864,4.496246782620999
0.009371466040497272,5.78254460857075
2.4970699270221375,4.19265360740915
-2.254198695516548,4.841048960315922
-1.5637246893906198,5.566838894114289
-3.1522114139699973,2.7903056515038336
-3.086744895553441,2.9635586356611228
-2.8402652984244696,4.109968914396922
-2.6465988295213823,1.4714317646745552
0.1710815221359726,5.704857314091534
-2.9456372691198554,2.960685171823422
-1.3256315199589328,5.679833360713076
1.01065894502756,5.684628545008318
-2.8026874590335678,1.755311034277507
-3.1315884225934765,2.3919881093261215
-3.052155462364182,3.426013054300162
-0.054801341348921444,6.0115024904309085
-1.3243575756489876,0.2405000616162054
-2.527705786952607,4.212931261808542
-2.026246921980962,0.6538309788885459
-2.8334918435980576,3.7875718348827534
-0.5276959868685788,5.954221419927478
-1.6312440348474042,5.575505812532032
2.0100453320463756,5.356436867377995
-2.0980204543942067,5.12716288188258
2.6542371234048057,4.228938373817519
-1.4718558853296957,0.43969314688010863
-1.1189823696010464,5.483447811929737
-0.20731726994587776,6.006620808291441
-2.676856979764209,4.640793937429276
-3.1193147563236394,3.333705071857008
1.5752308943098423,5.541998701118022
0.5926017017275917,5.753731740400609
1.1517053812847868,5.7746597413126715
-1.3457075670309173,0.31585896734464125
-2.5730854168957675,4.417376540561925
-2.0763697989058434,5.2383926776491645
-2.946965837322937,1.8236562335140256
2.9258038980593932,2.2096297343033693
-2.015377212441586,4.9240093677601635
-2.818491559158816,3.7848073797159065
-1.740183584739522,5.263306850775837
-0.8620753494562368,5.96799821885118
2.9668547084990404,2.2466163139862334
-2.620721598646767,3.986784974248526
2.450615350321061,4.732136263665242
0.5387832727934232,5.810761518768041
2.8857797126283673,3.8092058237821815
-1.7097473181161171,5.1234023887644415
1.1300318233009687,5.520771005784482
2.72154004043501,1.4487666068194616
0.26717011171471006,5.973081330458324
-2.4383401991772247,4.480908603201813
-1.3082269419469401,0.07326263771962926
-3.0455588267771216,2.880034917140719
-0.8866491279383866,5.811737449311668
1.8169054067293855,5.1779529367039325
-2.3411699998676743,4.589463829703958
-2.68213987595914,1.5833569645159173
-2.5792110854453965,4.066341001752717
-2.834117779623287,1.4156180722109366
-1.524752578060189,5.297765334740233
2.04559342596068,0.5086637498500299
1.7222541800255302,5.583090756627213
0.03839637389833029,5.699824308259734
-2.8665325288227406,1.5265933622631782
-2.9064836201221467,2.4438013619548133
-3.132448167340227,3.191919876331342
-0.0507544693585421,-0.07030748896138572
-1.1622991524409259,0.2625169858705294
-1.3352303551997386,5.482432341840328
-0.6040324354375037,5.769040114091462
-0.3927737091463976,5.74648694476227
-0.6023436186770755,5.924636491348479
0.6286858461267194,5.6799644746471785
1.07280675002243,5.744239752883136
-1.7085587308741335,0.6213201813650064
0.334636224290121,5.880044735508413
-3.1392065960950952,3.0186724767323616
1.3856055275982209,5.604552624845776
-2.3370787918154776,1.344737535475573
-2.9106906031095656,1.861752844664134
-0.9310962250759904,5.67550813986514
-0.12129328528348778,5.8012236705626545
2.595198225215277,4.414446672064028
0.9767182382451429,5.573719185801453
2.592326464708439,4.419775304356477
-2.3564801179779544,0.8144743867364999
1.7094662090886226,5.319574947091519
0.3211672810232817,5.918688012349538
1.9182997492116658,5.16258998065552
-3.0100840808974847,3.7156425752194244
1.137555763901905,5.837963967435357
-2.828501735635262,3.097152794346806
-2.0786435798569243,0.5310596667321588
1.3749505984497397,5.345387874776815
2.1121746577798546,0.7726688109491344
-2.643566122519718,1.9436718738675054
2.6206731779288726,4.434095734897975
-2.6253444536594457,3.9975236019529587
-2.369845723561071,4.7718971169242295
0.12416066848429014,5.746866437225184
-2.392095489470444,4.769048470194992
1.5545401611279972,5.423509408622998
-1.77591140642373,5.165192672030647
0.5995818085671047,0.1182621523222549
-0.7833206174066151,5.652529238698033
-0.48483729980622897,-0.1933212680512959
2.753512448453938,4.46321571171191
-2.8249438787106937,2.435387265803863
0.7297655301130118,5.681556167350957
0.7188313425696268,5.823947275683628
2.3681462738335317,4.517667945541634
-2.6452818750546996,4.59121666510941
-2.8894951914655307,2.8805030962587845
-2.981212527029041,2.022071012090616
-1.977628581744935,0.7049428556038246
-0.9989799403419994,5.833067337705968
-0.1994156637071208,5.955187792498393
2.246729150985111,4.618494089454885
-2.771867347304839,3.497571568332828
-2.9973200518989653,2.8877952071396993
0.7875370229477322,5.628418456220874
1.2800769853764453,5.587283284419863
-0.8284118956179811,5.710225838713852
1.4002046671430206,5.7177007959686055
2.255317044801077,5.08564017388308
-0.3309406232057702,5.749647061668028
2.2604949228470104,4.575198374938105
2.749807097777633,4.397006863207107
-2.508859487212408,4.799873255701929
-2.428249197484068,1.1493037495779683
-0.26589245225290536,5.824448892007837
-1.327114341758873,5.484690493633458
-0.8020820299943907,5.981170322768337
-0.640137652764336,5.814696321215495
-2.6861573371880705,3.8194550234328437
-1.22914396732788,5.804657404642924
1.7040793023271643,5.2194136901057595
0.2700155198549039,-0.13023416069274107
0.0911677836426015,5.962660751402273
-2.7887855487836943,1.5396337585063478
-0.9795914664759428,5.725902691213562
1.23063617588765,5.542231094651463
1.4083017415446082,0.22314047167036755
-1.5209017036938977,5.4873543626068155
-2.769302044267977,1.5659606932891956
-2.0983246492178513,4.993396541448769
0.12901947619037182,5.779183375669271
2.8692724527068916,3.525838864098984
-1.4413070949194118,5.480974942138586
-0.7004808860531196,5.749745134340355
-2.6866307633928073,4.54486370710515
-2.369421157004853,1.3846802308511108
-3.062254095119911,3.6608731271756296
-1.5583588445125833,5.688161388295718
1.0724282301129544,5.493127175509252
-2.195896957263714,5.0840106976101715
0.21023092279340785,6.013309343758585
1.108389827235894,5.86627000803272
-0.2547056486521347,5.886389321908978
0.08314659735816558,6.006601797651804
0.5102213944838254,5.752362533109114
-2.506332376464713,1.38437966512493
-1.6523182194236217,5.469988103945408
-0.4785545978811177,5.707086619975354
-1.7816139176685672,5.2852536235021095
2.7417543636134645,4.368977701821398
-2.9350814599482566,3.4453650327441974
-2.14269121689018,0.6772350870916748
-1.2837631318187166,5.530764789932075
0.14978817694675545,5.849955405262891
-0.623162867801807,5.740329782882044
-2.463678427435464,4.4668213729695125
-2.5472263826757917,4.457140820981779
-2.9855361793389865,2.3230025032436568
-1.7390535600754244,5.1673921937858545
0.8280636166595887,5.64185406688488
-2.1303271757549984,0.7947918838233239
-2.7166096665101427,4.333775360068666
2.708263124483582,3.6886742764599294
-3.0987825994243887,2.5041891396406495
0.22854813725535925,6.020638202772234
-1.846390412201903,5.483606612795823
-1.118649288061821,5.528750527014657
2.0708207107691674,5.036222599266033
-0.3619912540489832,5.746805321442743
-2.4827516621348815,1.1615873854224446
-2.794866237465993,3.996009350304746
1.8743357261007825,5.30239843739175
-1.9095239288458654,4.9973634091896155
-1.1005434302455572,5.845033745763066
3.0384339147916615,2.159431185199254
-1.9298465769661708,5.359586983648395
0.7034600485659548,6.00992549752386
-2.5249249300949,-1.484036718298848
-1.0159234738468363,-5.752813700193741
-2.942715965135591,-1.8311440867437958
-2.6659290250105894,-3.91772018405185
2.182061240848087,-0.7299751978087019
0.8762669788477992,-5.758174888715105
-2.1793087950508956,-4.681665358960708
-1.9860134534512819,-4.947435587129043
0.7836624656811837,-5.6634698584146035
1.702006721754711,-0.5397300468146224
-3.098707114950579,-2.462737990912873
-1.8562268338707004,-5.108848878646453
-2.813716019063985,-3.8950534192156256
0.8297094443017348,-5.673354446059905
-1.4467459014095694,-5.751624230959379
-1.8428344766532698,-5.294174044900492
-1.1084244408391857,-0.1962039152312145
-1.3516832853984244,-0.4006699314269979
-2.300024651345137,-4.8293581024553776
-0.7099047359058169,-5.891656416195932
1.2031858117891276,-5.504611517637058
-1.892552885762511,-5.474467384920474
-1.9157718841207934,-5.351921692481096
2.926985639718239,-2.7836536124532385
-1.3293151977415298,-5.532306152956879
1.5970271318425,-5.442658301931598
-2.509639121673351,-4.206832845753642
-2.907113654257845,-2.660927021020982
-1.618561740452165,-0.16847520017096862
-1.209697491149696,-5.503954860492662
2.911168354080817,-3.604379236685545
-0.2118417304185582,-5.81251195615596
2.140634293235037,-5.245809745794101
2.9557594062231978,-2.1713637333028055
-1.2600431264858916,-5.506681901661697
-1.3508418183178657,-5.794328490986487
-3.052389269552853,-2.2201435018970317
2.3685830837587147,-4.636183446832047
-2.9219422322920634,-2.7867400929157227
0.6378389311547633,-5.680472494015962
-2.0107856620140265,-0.5956580928835677
-2.6201988886312204,-4.0434799674245845
-3.040953857484639,-2.1911445709764488
-0.6664568646417875,-5.80966929474602
-2.597897814639571,-4.5686393428921726
-1.863848090031623,-5.143622135284073
1.3229649445851799,-5.448935013470432
-2.559328621892847,-4.600073667025392
-2.8797345788999307,-4.03571340963585
-2.903750993721437,-1.9871964551484596
2.7507657348465107,-3.873620205994402
-0.32318142883435524,0.021553951405949956
2.861644408486462,-3.730278664209375
-0.44400367932971974,-5.670074619388448
-1.5026405953820372,-0.34905534797915516
3.0284232749111717,-2.6646183670469408
-1.7835792975275284,-5.411647776886256
1.293119518701689,-5.68852615145449
-1.5201327534839,-5.3170241240415095
1.2233370321173416,-5.444686505262385
-2.470292193992229,-1.4533892072897534
1.8603119136299124,-5.099729710746494
0.8423042437918372,-5.781790814841622
-2.6458128101056135,-1.324766867550626
-2.6829647079396475,-1.2682537749780023
1.8277681992010901,-5.213579989821389
2.5659810278129758,-1.239543124611269
-2.887960904790926,-2.7218721814557614
-1.9281297993848838,-0.6346058638537961
2.6191150045424005,-4.155987302699268
1.306530669406832,-5.430562027726557
-0.7461279746792729,-5.729110753711364
2.839688360417894,-2.9426712704174474
-2.327225561603521,-4.887013527763152
0.643269381983405,-5.901094846264025
-2.037465019108072,-5.1619698951400395
-0.9963777610328334,-5.5817871979777856
-2.4466923259767417,-4.45252295087797
-1.9721833101829904,-0.8866202287144018
1.37186169027178,-5.508949215509833
-0.6274048880800753,-0.055231363327313154
2.976027514055786,-3.1976908411659255
-1.0000496570716304,0.028658259138386377
-2.779763428567815,-4.250738785085321
-1.380857327251337,-5.630762409455137
-2.9361525473633305,-2.284285075035943
0.10597337856035349,-0.001978392404180518
1.6833093082448634,-5.585261943202381
0.8795005383027077,-5.976174822752414
1.4780157504329434,-5.656293411743086
-1.693619924705956,-5.407556569652867
-2.915335002313335,-3.2713591019690353
-2.6128128696397908,-3.9756060122613603
-0.16422694724599343,-5.783742822516398
-2.2760093055161117,-5.1333297609789845
-0.5475798095742289,-5.882439351011908
-2.745127651734219,-4.4313041989570685
2.672116372537261,-3.7797798008138477
-2.3696871756916704,-0.8092013209743989
1.2521593011594363,-5.412001345565132
-1.8203893257790156,-0.5370289755890574
-2.7168049677707433,-2.1662158484787115
2.381992804947325,-1.0904161906564251
2.9755591370614383,-2.3088199111948366
-2.6058651369788866,-1.1698722957870744
-0.6754776147320416,-0.1268904943043747
-2.9312970034889685,-3.3611471321533988
3.075395723681076,-3.3432998729841112
-1.115896626223654,-5.7138417746261165
3.016488952114488,-1.8352761921974607
-1.9307538662490094,-5.379311451185597
-1.6775766073783553,-5.460627780395569
-2.0317437013693422,-4.835016215851898
-2.5251825687475646,-4.206991791027218
-3.135656458464922,-2.3815320583313886
-2.1049735546521275,-4.8857665373193075
-3.0394305051334367,-2.5934207576802306
-3.0729360219152335,-2.1571784058556225
0.4488053644417742,-0.0736799421375367
0.7182753211360334,-5.6874826991378775
-2.4649904342795184,-0.9477026640250026
-1.8533439034507198,-5.422232124776775
0.10704243450518924,0.008192052947679773
-0.9076051827485306,-0.13444150006937372
-1.044501983440707,-5.8721210095781196
-3.010519366046676,-2.13426746612752
2.919367949842324,-2.9699174162995776
1.8635044298337293,-5.3385170772788255
-2.6635722287921446,-2.0129920373042243
-2.674486720126824,-4.5043516909525305
-2.8562837870125017,-2.7855218827958823
3.1356373263855364,-3.203497878077226
2.074096747144361,-0.8484483929637769
0.897268423564329,-5.77565589154567
-2.897752467197514,-3.5825889094112418
1.7494743821018883,-5.544537986098568
-0.16199366395658163,-5.765003078977054
-2.044768315073633,-5.312678056427912
-0.9221137407253952,-5.859873590560554
-1.136209021586596,-5.789941288420993
-0.5332692511375137,-5.77923195805732
3.0046581392045137,-3.6853145990844363
-2.3865347134900494,-4.961208695736209
-1.9138746183728657,-5.388472916618911
0.8757409430232214,-5.781250308518048
-0.7899519382713276,-5.691718649597783
-3.082394479939756,-3.3766208577846686
-2.913828354951167,-3.816154343538567
-2.891309069967949,-3.1658904159649914
-1.5342386177817753,-0.15669786183855994
2.878263760214795,-3.1621475448316385
-0.02920628425893459,-5.812361638837316
-0.7086915258652028,0.016797383734418858
-0.4066397673345705,-5.790635755254641
2.8464125947340735,-4.029587931246428
-2.6689517190471017,-3.914734775288575
2.9170939162252076,-3.6051094348056996
-2.7884048321811803,-3.6099550115455257
2.0505495583497337,-4.9850406944058
-3.051644941624418,-3.031458825924756
2.371635874473364,-1.114425065957632
-0.6346195141264666,-5.738004527403344
-1.7833050417371674,-0.733061973037548
1.9347869819999728,-5.058217799272489
-3.0226263058547835,-3.684034623909617
-0.18217285243553138,-5.789225329395599
-1.8822574872248405,-5.257530408798455
1.1876823859282364,-5.568880377173127
-0.7155805449874308,-5.724793023445871
-1.5280357985863098,-0.40248199771705595
-1.0619383943649934,-5.567260838346469
2.3735697619882115,-4.785513407882625
-2.7761608792391645,-3.84131557409497
-2.053355860395557,-4.81345607320265
2.589665955426116,-4.638814963512173
3.153349473845575,-2.7581757717000563
0.49641487876835266,-0.009288556533042946
1.3354734544781979,-5.627547540660626
0.5471662860603682,-5.8645887113698585
-2.9785826399334585,-3.1192783669510646
-2.7012364010216925,-3.7416560075909855
1.281123559575484,-5.527802923490204
-2.729008584168655,-4.186891603199521
-2.65816810835812,-3.8059341005178116
-0.5166833626658688,0.19618845234820537
-2.822209796922809,-2.9293025334740284
-2.9767397465559187,-3.999238605309375
-0.7564158095199442,-5.668443155233925
-0.9017603532362167,-0.02612028362676
2.896914891577758,-4.169289188843907
-0.9776551903320488,-5.905428768004294
-2.3384011796834634,-4.769995457382945
-2.1208611725320203,-4.764378916110877
-3.0652985753968514,-2.672268408527261
-0.9898092116043063,-5.754972304929714
-1.623014984435707,-0.2535175880586924
2.893910074446207,-3.528935191963703
-1.957528356646974,-0.7096511422858738
-2.9015164240292837,-3.8938509603573137
2.650536472653931,-4.642537300657665
-1.0917285949245767,-5.573869536985809
-1.9960142926748248,-5.391649313414169
0.7449182461975157,-5.935495064817612
-3.063693809160063,-2.49984548278557
2.0578059746430446,-5.204614555308076
1.8071526100624817,-5.380824590860488
-0.9494701198032633,-5.699229623031524
2.51828518815999,-1.6224215014573657
-0.2670630221145498,0.26660771872921485
0.8101790433046034,-5.67520949878621
2.7242744359983426,-1.4778364694483836
2.4050599831314194,-1.3321546384935272
-2.594200513384331,-1.1425196170901066
-0.07232056028192299,-5.909857095553548
-2.7956784114608078,-3.4795667942798367
-1.9361983264835791,-5.139756284380967
2.2144723375799504,-4.923817873676483
0.565673151351515,-5.652173062653013
-3.104736466423222,-2.390112363743206
-1.8956640981516297,-5.073207171692506
-1.745276240945393,-5.346163813781466
-3.1139856033988913,-3.41802986288653
1.8934845960508266,-4.968954238603473
0.8283560663648225,-5.6815718792336565
-2.082158037718957,-4.789402397269536
1.1520778192726913,-5.776279219163447
3.0426639502805655,-2.9261697925563395
1.281913886938711,-5.715434686254893
-2.2430880595034135,-4.828706610076818
1.403607265261294,-5.677013906351151
-2.748452867166094,-3.596163543968281
2.740184485398004,-2.1567489776057376
-1.8512428084310708,-5.3277280975193575
-0.8788796507279396,0.1639029277682451
1.8498851864521642,-5.340859591717829
0.6548585511313467,-5.641910475377779
-1.0202737140194251,0.03896234889972705
-2.198233096343569,-4.696104489095933
-1.9565360101347344,-0.7588083513371009
2.956868047884366,-3.9921537531235245
-0.9618354894872896,-5.932402844503134
2.494608037770996,-4.549735636659544
-1.1812637881409067,-5.541647425048929
-0.4619143592833849,0.021918100654330974
2.8760863066842663,-3.24709344061809
2.8781115098323213,-3.960704511777155
-2.92938351628901,-2.4732800061681783
-2.900694530846817,-3.124513855651562
0.7881006563671532,-5.933226508866367
-0.501786221196533,-5.94171754513987
-2.278487567982614,-0.7217990430375036
-2.7703479214769,-3.8275531184761014
0.5500384566619155,-5.987171525288783
-2.5143320277970984,-1.3153824282575408
-1.6727807055556168,-0.4875906945974209
-2.8787146846992933,-2.001700846852362
-1.393109952982148,-0.27489136387449076
1.0026257892975505,-5.621156181733056
-2.1739730868648905,-0.9269432005389384
3.1269731131385763,-3.567191476382964
2.1451901291786935,-4.834109079694073
-2.1432545095293594,-5.154203902563163
-0.33056790759764076,-5.714238177721409
-1.4958388753543201,-5.369235139534798
-2.446387862047891,-4.553002339205394
-2.1303631062388386,-4.970387112658402
0.4836760705886045,-5.981275266058223
0.46081770914658243,-5.766947477989282
2.6245145257527036,-3.900347185172358
2.1577695808272446,-0.8625119787474773
-1.4865617189183222,-5.510686274398571
-2.320633723332611,-5.022368439719214
2.652015229877286,-4.560326085883634
-2.898158927136267,-4.126113381025606
0.7284192338241008,0.006745784077584194
1.043496454985125,-5.693352046192156
1.4884937725848835,-5.597061246890836
-2.544461258938045,-4.725303120064654
3.15744655489318,-3.2337829249680876
-2.071381534285655,-4.892376111269836
-0.5127679624320541,-5.959693499880807
-2.2635673263979825,-4.730915569395891
-3.0300021027866264,-3.711333800980167
2.4893983153107055,-4.649672619843897
1.6063711795463163,-5.330502692119026
3.103816691961847,-3.6424773895516878
2.098156458749509,-0.7206604331616715
0.03481891465384869,-5.891845753546033
2.2951367113113856,-5.022085716146673
-2.3802827249232017,-1.1410703355412257
-1.0471325040756336,-5.651189913011099
-2.2854659285680277,-4.807493434443363
2.8069499082758247,-3.80879203649966
-0.2801814537404559,-5.832981714977075
1.7993881895581314,-0.5208440424285272
-3.0177615120208254,-3.721594762513888
2.5038764193576313,-4.438387443314555
-2.8329537429978613,-2.563148500972635
2.5225952150446393,-4.5863840753192715
-2.7123553841431502,-4.470964796612939
0.08158292343966138,-6.068536993001221
-1.236250794005744,-0.009391367253843708
-2.802783151701997,-1.8595018869827702
-2.7422133586832507,-1.297683702381955
-0.6128036963024462,-5.80247673314842
2.585551924062693,-4.259197848148589
-0.6448477374628683,-0.12295932151250533
1.7251632822594716,-5.205336534452698
-2.863802457799516,-3.600078095385386
-3.095584235136855,-2.423458019378134
2.7790517794872285,-3.5534578815779083
-3.047559556920622,-3.5418383559166644
-1.9669776522998066,-0.8654103340787791
-2.776295455388868,-3.884538169075538
1.5674484465902425,-5.435485104187562
-2.575285636954284,-1.0239305495677324
0.0073406301595945085,-5.7412982527550245
2.9525281800138266,-3.441301801165376
2.231474317057592,-4.98729571716156
-1.3041135225784979,-5.797293329728252
-1.8177220455963596,-5.190143769832156
-2.9571045961649913,-3.021334215712883
-1.2026692515590185,-5.637837060420573
-1.5134524819984922,-5.360395261227687
2.849613600414592,-2.9079965918544692
0.633195776019779,-5.643055650875854
3.1551913266418743,-2.3746391384989947
-1.033114024309785,-5.864885464874864
2.72132862375855,-1.5018030869122219
-2.854297740615631,-2.5686528189010964
-2.581598107515641,-1.5972489574752349
-1.4324820711919073,-5.447045770986454
-2.8235848014754463,-3.2078688236432114
-1.5702549922043099,-5.651959534598496
-0.8280801404468539,-5.6701492097826645
2.3692168524848705,-1.3853738539849063
2.931173421944062,-2.9730232291331737
-0.7946064288521917,-5.845026416670073
-0.09698642998369945,-5.886742600192875
-2.0327107789324916,-5.061211866172345
-2.4005950160964953,-4.378237383059812
-1.9710175768521072,-5.265794585379934
-1.9287338774145077,-5.3453438191451745
-0.1290306997115403,0.17321338094827876
0.49612287051520765,-5.896742962673287
2.200104923984492,-4.963623365544196
2.8408162065791234,-4.0077907673131685
-0.007355655578420749,-5.7865859513452085
3.0180824004093645,-2.790062020756416
0.675951357396304,-5.6670917517364705
0.8059545204992041,-5.641567025676656
-2.8104562507699904,-3.75296539702864
2.791178177795097,-3.837672520538936
-2.5507421730354554,-1.5889807244259864
1.9086167527333164,-5.18151227326218
-1.5519054989965153,-5.380270243679666
1.4986896686316722,-5.565169160422032
-1.3795156150897077,-5.471231010867995
-1.7602088728195087,-5.096099812781336
2.826415389658342,-2.9576088626389443
2.574363827531155,-4.748836216448642
-2.584084516543312,-4.11062155283396
-0.1236616344220274,-5.818243422074757
1.4593317763241285,-5.472768882381718
-2.741177391675231,-4.266068187384432
-1.9726662379937623,-4.974904332336724
3.0028776939211657,-3.0840092965269728
-0.5641263229500664,-5.95020342902475
-2.6667687726296356,-3.819143696785662
0.961000210006468,-0.08443599178917927
-2.7226329127060316,-1.4143140178648828
-2.3885242074900024,-4.940572739584821
-0.09231749358511081,-5.948052802156141
-2.8134916525475404,-3.4274866475774344
-2.3574277976806806,-4.720430124920206
0.1595865883896765,-5.832110213775586
-2.13397394830418,-0.618335539787362
-3.0604125786729153,-2.639720650433588
2.711583156996278,-1.6505459795274722
-1.3516601292161323,-5.639475000044216
-1.7687240775858086,-5.282102881906406
1.2643663985155966,-0.1963981393918406
0.9576690401353659,-5.761628977375578
-1.3901098923644197,-0.18836856001375724
-1.2048433066064461,-0.35070105958373077
1.2543899257748363,-5.613516235563084
0.8633730811342434,-5.585382711902341
2.4134949235816254,-0.811480243940145
1.8771729568402482,-4.9803647119026255
-2.4872907935373965,-4.218097025234163
1.3490649227523168,-5.4432401789906795
0.9230731813686152,-5.757750327832249
-2.9366761445222913,-1.6459789920466097
-1.581952967274552,-5.286138910585762
2.8516226086757843,-2.69265547448648
-2.602899861271521,-1.1839546886778691
-2.4738501234888934,-4.399806783299275
-0.9230572997346079,-5.910987829187861
-2.077119473296776,-4.868129538328819
-1.8752747207304141,-5.463170214532823
-2.626363812300571,-1.137485472439795
-2.529591921156564,-1.644845408421518
1.027699220351812,-5.800116680725298
2.026729306445984,-5.102759431318649
-2.441786217475314,-4.767592899426133
-2.9652700010435673,-3.8881330879101927
-2.7695288780940506,-3.690411635742695
-2.1778788083983063,-4.887392833208047
2.5676107115168425,-4.635605732324473
-2.7694215227183627,-3.573917824286699
-0.8762661625740157,-5.7020702886196135
-1.3824592205210628,-5.3700595979073675
-1.732680887613276,-5.213200504550706
-2.9923369531555126,-3.028407744784456
2.9542524501755523,-3.779762466403403
-2.237256775312565,-4.732734487534723
-0.1083416178812014,-6.0352337731771435
-1.3621514005879083,-5.368228607269893
-2.6188127643296104,-1.2729926365317823
-0.6606028741061987,-5.9157882296528115
2.34539758574755,-4.8466402879509545
-2.6600572907952555,-4.253238352239609
2.6233867933927346,-4.71942275059236
-1.4548354254251536,-5.32097571320473
-0.4412855778865807,-5.789554118731212
-2.5725118889718703,-4.796865716518051
2.5806663366198594,-4.069597482676977
2.5446255630851073,-4.576078190732135
-1.9403152593599673,-4.996454252370959
-0.5158115912805139,-5.792143864633342
0.27756584540539525,-6.065847639961101
0.5245333210608765,-5.714065633883397
-2.849819780872398,-2.4052116563604713
-2.3556872442471444,-4.889100721205128
-2.30344373744241,-4.765180754500045
2.5067419929596952,-4.527291118856297
1.6532617964366434,-5.542235746910355
-1.5282782108471227,-5.470246492699779
-0.7733554386593733,0.042486925307602785
-2.9934402749700513,-2.353089355117908
-2.540701393513146,-1.4915208953270633
3.030073351632428,-2.807221177202867
2.3232189700994157,-4.695664887655243
-2.916926216495556,-2.5419153615977583
-2.6713939764165433,-4.394286998381065
-2.943215202150592,-3.268474087143904
-1.9595596288405235,-5.286950749458513
1.7629476470088175,-5.554680326477619
-2.7850203406037077,-3.4052738953491324
0.8145862247059945,-5.697133266651458
-2.7194635174579354,-3.9270433836171232
-2.647187945507768,-4.08391581673874
2.8088341352249833,-2.603692774124871
-2.390956825483749,-4.717673681369345
-2.150562376849818,-4.829554723942954
-0.486025140298842,-5.667612118623248
-1.6206506119872397,-5.412211403925248
0.808087666966182,-5.752984795703062
-1.2974049910641376,-5.48690272128967
1.723523090934657,-5.375626945878254
-0.8817142494469925,-5.866867396490601
2.381624594414703,-4.609874931555892
-3.027009363989748,-2.2832614905956445
2.4625922972674927,-4.293062604185867
-2.886749990747809,-4.033823438062957
-2.7471525957384735,-1.5200783742987554
0.3555115605396208,-5.700616078913869
2.1298433998772075,-5.248328139774438
-0.4627519208729493,-5.672653918360757
-2.968303010617828,-2.9941215941958332
-0.9962583079652522,-5.734562397087116
1.8728080952171593,-5.405958665710429
-2.7046834350774716,-3.6826054079021837
2.1212471478589845,-5.035507027532189
-2.1748367010030916,-4.8124784483889735
-2.5409815585375206,-1.1458215739087894
-2.2120460653704246,-4.731536288390897
-2.086560774021939,-0.8938905233221575
-2.440697238094803,-4.375336578460332
-2.6640490772421894,-3.7698524288833815
-2.887486917572753,-3.2278366868773505
0.5820779562358617,-5.752238602635995
-0.01991356383211076,-5.996994527793474
-3.1742369675523556,-3.2984503381691677
-2.7607489650947645,-4.26465177815018
-2.814163609597259,-3.8762352227171184
-2.367173277545142,-4.883329121210368
1.9310054992271153,-5.053822069761839
-3.0372695365478273,-3.3731204310398804
-0.860490728805838,-5.752611007540627
-0.05809169870718507,-6.08365750126193
2.964866916227955,-3.415893388230356
2.845817960803467,-3.943254443186664
-2.8301797044375556,-2.6012292271689614
2.5744282547608703,-4.4921138937937535
2.4425004531264123,-4.716012215374488
3.0365404350478955,-2.8658985498194993
1.2763447444027236,-5.479935541890542
-1.1621156550130132,-5.556351853777994
-2.2361117175264704,-0.9444590055730637
